{
  "Lang": { "Value": "en" },
  "Header": { "Text1": "Header" },
  "Footer": { "Text1": "Footer" },
  "Cultivation": {
    "Text1": "Text1",
    "Text2": "Text2",
    "Button": "Button"
  },
  "Tests": {
    "Text1": "Text1!",
    "Text2": "Text2"
  },
  "Test1": {
    "TestName": "Test1",
    "Text1": "Text!",
    "Text2": "!Text!",
    "Question": "Question",
    "Option1": "Option1",
    "Option2": "Option2",
    "Option3": "Option3",
    "Option4": "Option4",
    "Correct": "Correct",
    "Incorrect": "Incorrect",
    "Hint": "Hint"
  },
  "Test2": {
    "TestName": "Test2",
    "Text1": "Text",
    "Question": "Question",
    "Option1": "Option1",
    "Option2": "Option2",
    "Correct": "Correct",
    "Incorrect": "Incorrect"
  },
  "Test3": {
    "TestName": "Test3",
    "Text1": "Text1",
    "Text2": "Text2",
    "Question": "Question",
    "Option1": "Option1",
    "Option2": "Option2",
    "Correct": "Correct",
    "Incorrect": "Incorrect"
  },
  "Test4": {
    "TestName": "Test4",
    "Text1": "Text",
    "Question": "Question",
    "Option1": "Option1",
    "Option2": "Option2",
    "Correct": "Correct",
    "Incorrect": "Incorrect"
  },
  "Test5": {
    "TestName": "Test5",
    "Text1": "Text",
    "Text2": "Text2",
    "Question": "Question",
    "Option1": "Option1",
    "Option2": "Option2",
    "Option3": "Option3",
    "Option4": "Option4",
    "Option5": "Option5",
    "Correct": "Correct",
    "Incorrect": "Incorrect",
    "Hint": "Hint"
  },
  "Bacteria": {
    "Header": "Bacteria"
  }
}
