{
  "Lang": { "Value": "kz" },
  "Header": { "Text1": "Дипломдық жұмыс" },
  "Footer": { "Text1": "Мұратбек Н." },
  "Cultivation": {
    "Text1": "Кешке қатысқан 18 адам тамақтанғаннан кейін шамамен 3-4 сағаттан кейін ауырып қалды. Ең жиі кездесетін белгілер жүрек айну, құсу және диарея болды. Орта есеппен 24 сағат ішінде зардапшылардың жүректері айнып құса бастады сонымен қоса диарея пайда болды. Барлық аурулар кеште картоп салатын жеумен байланысты болды. Аспазшы салатты үйде дайындап, алып келген екен. Сосын салатты тек фольгамен жабылған үлкен пластикалық контейнерде салқындатыпты (аэробты жағдайлар). Аспазшы салатты келесі күні салқын түрде ұсынған екен. Науқастардың жазылып кетуі сіздерге байланынысты! Өтінеміз тексерулер жүргізіп, қандай бактерия екенін анықтап бересіздер ме?",
    "Text2": "! Науқастырдың анализдері жиналды. Алайда бірден тексеру жүргізуге болмайды. Алдымен науқастардан алынған бактериалардың санын керек !",
    "Button": "!Культивациялау!"
  },
  "Tests": {
    "Text1": "Жарайсың! Бактерияларды зертханада өсіру культивациялау деп аталады!",
    "Text2": "Ал енді сынамаларды бастауға болады!"
  },
  "Test1": {
    "TestName": "Қозғалыс сынамасы",
    "Text1": "Қоректік заттары бар түтіктің ортасында инемен бактерияларды батырып, біраз уақытқа қалдырамыз. Егер түтіктің ортасында қызғылт сызық пайда болса онда бактерия қозғала алмайды ал егер бүкіл түтік қызғылт болса онда бактерия қозғала алады дегенді білдіреді.",
    "Text2": "!Сынама нәтижесін алу үшін сұраққа жауап беріңіз!",
    "Question": "Бактерияға қандай органелла қозғалуға мұрша береді:",
    "Option1": "Флагелла",
    "Option2": "Ф-пили",
    "Option3": "Капсула",
    "Option4": "Рибосома",
    "Correct": "Жауабыңыз дұрыс!",
    "Incorrect": "Қате",
    "Hint": "Дұрыс жауап - Флагелла"
  },
  "Test2": {
    "TestName": "Грам сынағы",
    "Text1": "Грам сынағы бактерияларды екі түске бояйды қызыл немесе қызғылт немесе көк және күлгін. Көк немесе күлгін түс бактерияның грамм оң екенін білдіреді. қызыл немесе қызғылт бактерияның грам теріс екенін білдіреді. Грам сынағын микроскоп арқылы бақыланады. Бояу арқасында бактерияның формасын да анықтауға болады. Бактерия формалары: дөңгелек, таяқша тәрізді, үтір түрінде, спираль.",
    "Question": "Дөңгелек бактериялар кокки деп аталады",
    "Option1": "Дұрыс",
    "Option2": "Бұрыс",
    "Correct": "Жауабыңыз дұрыс!",
    "Incorrect": "Қате"
  },
  "Test3": {
    "TestName": "Каталаза сынамасы",
    "Text1": "Каталаза - сутегі асқын тотығының суға ыдырауын катализдейтін оттегінің әсеріне ұшыраған барлық дерлік тірі организмдерде кездесетін кең таралған фермент. Басқаша айтқанда жараларды емлеуге арналған уйде Перекис деп атайтын затты суға айналдырады.",
    "Text2": "Бактерияда каталаза бар болса сутегі асқын тотығы көпіре бастайды. Көпірмесе бактерияда каталаза жоқ дегенді білдіреді.",
    "Question": "Каталаза ферменті жоқ бактерияларды сутегі асқын тотығымен өлтіруге болады, ал каталазасы барлар өлмейді",
    "Option1": "Дұрыс",
    "Option2": "Бұрыс",
    "Correct": "Жауабыңыз дұрыс!",
    "Incorrect": "Қате"
  },
  "Test4": {
    "TestName": "Коагулаза сынағы",
    "Text1": "Коагулаза сұйықтықтың ұйып қалуын тудыратын фермент. Егер бактерияға тамызған немесе түтіктің ішіндегі суйытқы ұйып қалса бактерияда коагулаза бар деген сөз. Фермент адам қанындағы фибриногенді фибринге айналдырады.",
    "Question": "Каталаза ферменті жоқ бактерияларды сутегі асқын тотығымен өлтіруге болады, ал каталазасы барлар өлмейді",
    "Option1": "Ия",
    "Option2": "Жоқ",
    "Correct": "Жауабыңыз дұрыс!",
    "Incorrect": "Қате"
  },
  "Test5": {
    "TestName": "Антимикробтық заттарға сезімталдықты тексеру",
    "Text1": "Бұл сынама антимикробтық препараттың микробтарды жоюдағы тиімділігін анықтау үшін жасалады. Әр науқасың ағзасы әр түрлі секілді бактериалар да бір түрге жатса да антибиотиктерге деген сезімталдылығы әр түрлі болуы мүмкін. Бұл сынамада Петри ыдысында культивацияланған бактерияларға бірнеше әр түрлі препараттың белгілі бір мөлшері салынада. Уақыт өте препарат қойылған жердегі бактериялар өліп ыдыс тазара бастайды. Тазарған аймақтың айданы антибиотиктік тиімділігін анықтайды. Тазаған аймақ ауданы = антибиотиктің тиімділігі",
    "Text2": "(Сұраққа анықтама: амоксициллин (AMC) цефалотин (СF) левомицетин (C) ципрофлоксацин (CIP) эритромицин (E) клиндамицин(CC) оксациллин (OX) пенициллин(P) стрептомицин(S) тетрациклин (TE) тобрамицин (TM) триметоприм сульфат (TXS) ванкомицин (VA) )",
    "Question": "Берілген суретке қарап ауруханада ципрофлоксацин болмаған жағдайда антибиотиктердің қайсысын қолдану керек екенін анықтаңыз?",
    "Option1": "Амоксициллин (AMC)",
    "Option2": "Цефалотин (СF)",
    "Option3": "Левомицетин",
    "Option4": "Ципрофлоксацин",
    "Option5": "Эритромицин",
    "Correct": "Жауабыңыз дұрыс!",
    "Incorrect": "Қате",
    "Hint": "Дұрыс жауап - Левомицетин"
  },
  "Bacteria": {
    "Header": "Бактериялар"
  }
}
